selective focus photo of green vine	[{'url': 'https://images.unsplash.com/photo-1518173946687-a4c8892bbd9f?q=80&w=3648&auto=format&fit=crop&ixlib=rb-4.0.3&ixid=M3wxMjA3fDB8MHxwaG90by1wYWdlfHx8fGVufDB8fHx8fA%3D%3D', 'path': 'full/ff75f977d7783fd807993bfc9502e2a843a4d8df.jpg', 'checksum': '1612cf1131b50f4a0bc1269fc1b6abc9', 'status': 'downloaded'}]	nature	2018-02-09 10:59:59
forest trees	[{'url': 'https://images.unsplash.com/photo-1441974231531-c6227db76b6e?q=80&w=2560&auto=format&fit=crop&ixlib=rb-4.0.3&ixid=M3wxMjA3fDB8MHxwaG90by1wYWdlfHx8fGVufDB8fHx8fA%3D%3D', 'path': 'full/d18f18e927a823e40c026a4a700a24bb10492d0d.jpg', 'checksum': '2e5688dce918e5516f72124c8a6eec76', 'status': 'downloaded'}]	Beautiful woodland path	2015-09-11 12:25:26
waves of body of water splashing on sand	[{'url': 'https://images.unsplash.com/photo-1475924156734-496f6cac6ec1?q=80&w=4752&auto=format&fit=crop&ixlib=rb-4.0.3&ixid=M3wxMjA3fDB8MHxwaG90by1wYWdlfHx8fGVufDB8fHx8fA%3D%3D', 'path': 'full/81eeef73b3521a9422857814a24932883159eed3.jpg', 'checksum': '1a6590956473acb3ea3efc7172120e5b', 'status': 'downloaded'}]	Download this free HD photo of sky, sunrise, outdoors, and mediterráneo in Spain by Quino Al (@quinoal)	2016-10-08 11:01:31
body of water on beach shore	[{'url': 'https://images.unsplash.com/photo-1505144808419-1957a94ca61e?q=80&w=3070&auto=format&fit=crop&ixlib=rb-4.0.3&ixid=M3wxMjA3fDB8MHxwaG90by1wYWdlfHx8fGVufDB8fHx8fA%3D%3D', 'path': 'full/3f1868d2de4a3dd7c21f1f3de317f34476773b71.jpg', 'checksum': '217e083ab1d62f70fb1db31af34fe9b3', 'status': 'downloaded'}]	Maldives	2017-09-11 15:48:50
landscape photography of mountain hit by sun rays	[{'url': 'https://images.unsplash.com/photo-1469474968028-56623f02e42e?q=80&w=3506&auto=format&fit=crop&ixlib=rb-4.0.3&ixid=M3wxMjA3fDB8MHxwaG90by1wYWdlfHx8fGVufDB8fHx8fA%3D%3D', 'path': 'full/49b58267ecb601ad2a25bb22350d9c03a66d0a93.jpg', 'checksum': 'd5c79b3f90f0074d8b4e1d60266dec97', 'status': 'downloaded'}]	Alone in the unspoilt wilderness	2016-07-25 19:30:35
a person standing on a sand dune in the desert	[{'url': 'https://images.unsplash.com/photo-1707345512638-997d31a10eaa?q=80&w=8640&auto=format&fit=crop&ixlib=rb-4.0.3&ixid=M3wxMjA3fDF8MHxwaG90by1wYWdlfHx8fGVufDB8fHx8fA%3D%3D', 'path': 'full/99a005c324d83df748e46472d696c634599ffaad.jpg', 'checksum': 'd5b9e50e69eec3e8b2c62ad2d08d47d3', 'status': 'downloaded'}]	NEOM will be home to one of the world’s largest nature reserves: a 25,000 sq km stretch of wilderness, encompassing two deserts divided by a mountain range. | NEOM, Saudi Arabia	2024-02-07 22:39:36
foggy mountain summit	[{'url': 'https://images.unsplash.com/photo-1470071459604-3b5ec3a7fe05?q=80&w=7372&auto=format&fit=crop&ixlib=rb-4.0.3&ixid=M3wxMjA3fDB8MHxwaG90by1wYWdlfHx8fGVufDB8fHx8fA%3D%3D', 'path': 'full/8af534cec867addc339fd0ff878611d17b479b95.jpg', 'checksum': '82f3384c9e568291cd041ab481afdb49', 'status': 'downloaded'}]	Taking The Scenic Route	2016-08-01 17:13:04
silhouette of trees near body of water during sunset	[{'url': 'https://images.unsplash.com/photo-1586348943529-beaae6c28db9?q=80&w=4480&auto=format&fit=crop&ixlib=rb-4.0.3&ixid=M3wxMjA3fDB8MHxwaG90by1wYWdlfHx8fGVufDB8fHx8fA%3D%3D', 'path': 'full/9ecc76e4968097e448da66d0804b73345e2953c7.jpg', 'checksum': '255d3f59bc34e66639fe96169d769946', 'status': 'downloaded'}]	The Island	2020-04-08 12:29:42
bird's eye view photograph of green mountains	[{'url': 'https://images.unsplash.com/photo-1501854140801-50d01698950b?q=80&w=2600&auto=format&fit=crop&ixlib=rb-4.0.3&ixid=M3wxMjA3fDB8MHxwaG90by1wYWdlfHx8fGVufDB8fHx8fA%3D%3D', 'path': 'full/eecd0fa74c8396279cdbe1d287c8b3d386415c2e.jpg', 'checksum': '31d04dfed8c950b56d5a10ccfc0e43c5', 'status': 'downloaded'}]	Body Grassland in Yili，Xinjiang，China	2017-08-04 13:45:25
a waterfall in the middle of a lush green forest	[{'url': 'https://plus.unsplash.com/premium_photo-1675827055694-010aef2cf08f?q=80&w=3310&auto=format&fit=crop&ixlib=rb-4.0.3&ixid=M3wxMjA3fDB8MHxwaG90by1wYWdlfHx8fGVufDB8fHx8fA%3D%3D', 'path': 'full/37e7cef807b964939eb637410b16eaa7ad016749.jpg', 'checksum': '8b61779bfae40a077e0729eb2c05fe17', 'status': 'downloaded'}]	Download this HD photo of protected, kauai, hawaii, and aesthetic nature in United States by Casey Horner (@mischievous_penguins)	2023-02-09 06:55:26
a mountain with a green aurora light in the sky	[{'url': 'https://plus.unsplash.com/premium_photo-1673002094173-b16f2b946780?q=80&w=4000&auto=format&fit=crop&ixlib=rb-4.0.3&ixid=M3wxMjA3fDB8MHxwaG90by1wYWdlfHx8fGVufDB8fHx8fA%3D%3D', 'path': 'full/7b56f85a1945bc81774391b2372567d22ad12d78.jpg', 'checksum': 'f4c26aeb60ea2aec2f2ef8e2cba4d464', 'status': 'downloaded'}]	Download this HD photo of nature, nightscape, green and blue, and night mode in Iceland by Joshua Earle (@joshuaearle)	2023-01-08 09:58:21
a sunset view of a mountain range with pink clouds	[{'url': 'https://plus.unsplash.com/premium_photo-1673603988651-99f79e4ae7d3?q=80&w=6000&auto=format&fit=crop&ixlib=rb-4.0.3&ixid=M3wxMjA3fDB8MHxwaG90by1wYWdlfHx8fGVufDB8fHx8fA%3D%3D', 'path': 'full/3561b22b48fd3ce7efc89bbed02a70c4b4487540.jpg', 'checksum': '48374732481f6a154500c11ddb93108f', 'status': 'downloaded'}]	Download this HD photo of nature, fondos de escritorio, california, and peak in United States by Joshua Earle (@joshuaearle)	2023-01-14 10:08:28
a tree that is standing in the water	[{'url': 'https://plus.unsplash.com/premium_photo-1675827055620-24d540e0892a?q=80&w=4483&auto=format&fit=crop&ixlib=rb-4.0.3&ixid=M3wxMjA3fDB8MHxwaG90by1wYWdlfHx8fGVufDB8fHx8fA%3D%3D', 'path': 'full/2aee00aaa5a360224d0be03bbd026fc78eba4bbd.jpg', 'checksum': '7c6d6fe620caae41ca6851780bb6383c', 'status': 'downloaded'}]	Download this HD photo of wetlands, nature, nature image, and green world in United States by Casey Horner (@mischievous_penguins)	2023-02-09 06:55:09
blue and brown steel bridge	[{'url': 'https://images.unsplash.com/photo-1447752875215-b2761acb3c5d?q=80&w=5472&auto=format&fit=crop&ixlib=rb-4.0.3&ixid=M3wxMjA3fDB8MHxwaG90by1wYWdlfHx8fGVufDB8fHx8fA%3D%3D', 'path': 'full/1f35639e2d49e03b77811c11b7c7bcbe25aa4ce1.jpg', 'checksum': 'ffcbe8b504578051d7e392b4a95f7638', 'status': 'downloaded'}]	Whangarei Falls footbridge	2015-11-17 09:37:46
a person jumping into the air at sunset	[{'url': 'https://images.unsplash.com/photo-1683009427500-71296178737f?q=80&w=8216&auto=format&fit=crop&ixlib=rb-4.0.3&ixid=M3wxMjA3fDF8MHxwaG90by1wYWdlfHx8fGVufDB8fHx8fA%3D%3D', 'path': 'full/212ef0ff8879de98bb786769f3bf7937746c3f2c.jpg', 'checksum': '80887d4f7f3f7bfc63559704ab4fcab0', 'status': 'downloaded'}]	Hisma Desert – NEOM, Saudi Arabia	2023-05-02 06:42:00
gray concrete bridge and waterfalls during daytime	[{'url': 'https://images.unsplash.com/photo-1433086966358-54859d0ed716?q=80&w=4000&auto=format&fit=crop&ixlib=rb-4.0.3&ixid=M3wxMjA3fDB8MHxwaG90by1wYWdlfHx8fGVufDB8fHx8fA%3D%3D', 'path': 'full/ad7ac47a4934d3fad52cea8104b66058137c7b08.jpg', 'checksum': '15d696c3f74a95b59af6857e74bac92b', 'status': 'downloaded'}]	Bridge over a green waterfall	2015-05-31 15:42:52
an aerial view of a body of water surrounded by land	[{'url': 'https://plus.unsplash.com/premium_photo-1675368244123-082a84cf3072?q=80&w=6493&auto=format&fit=crop&ixlib=rb-4.0.3&ixid=M3wxMjA3fDB8MHxwaG90by1wYWdlfHx8fGVufDB8fHx8fA%3D%3D', 'path': 'full/25af0c9b523fb97048de13302fe88ab39e445ff9.jpg', 'checksum': 'dcc78409ef69dec792ec29386b9b7e83', 'status': 'downloaded'}]	Abstract aerial view of a river.	2023-02-06 11:53:47
a person standing in front of a rock formation	[{'url': 'https://images.unsplash.com/photo-1682685797439-a05dd915cee9?q=80&w=5792&auto=format&fit=crop&ixlib=rb-4.0.3&ixid=M3wxMjA3fDF8MHxwaG90by1wYWdlfHx8fGVufDB8fHx8fA%3D%3D', 'path': 'full/c535ed034ab1021cba999cba4d9156102cb10241.jpg', 'checksum': '96a339f145de3ac30c5a109e378b61d4', 'status': 'downloaded'}]	Cocculus pendulus plant growing on a rock face, Hisma Desert – NEOM, Saudi Arabia | The NEOM Nature Reserve region is being designed to deliver protection and restoration of biodiversity across 95% of NEOM.	2023-04-28 12:46:16
landmark photography of trees near rocky mountain under blue skies daytime	[{'url': 'https://images.unsplash.com/photo-1426604966848-d7adac402bff?q=80&w=5616&auto=format&fit=crop&ixlib=rb-4.0.3&ixid=M3wxMjA3fDB8MHxwaG90by1wYWdlfHx8fGVufDB8fHx8fA%3D%3D', 'path': 'full/e6a1e52d9776148c14f3c92438a509416b96869c.jpg', 'checksum': '7dcef9dbe4f583f7ae083ea2c53a90c2', 'status': 'downloaded'}]	El Capitan on a sunny afternoon	2015-03-17 15:18:38
green grass field during sunset	[{'url': 'https://images.unsplash.com/photo-1472214103451-9374bd1c798e?q=80&w=7932&auto=format&fit=crop&ixlib=rb-4.0.3&ixid=M3wxMjA3fDB8MHxwaG90by1wYWdlfHx8fGVufDB8fHx8fA%3D%3D', 'path': 'full/403c5880a34d92ce27df7025aa3c001578e7f35a.jpg', 'checksum': '2469fceb049efa0b5b5a7c61ba2c675a', 'status': 'downloaded'}]	Download this free HD photo of nature, landscape, green, and fantasy in United Kingdom by Robert Lukeman (@robertlukeman)	2016-08-26 12:26:39
