Name,Author,Price,About
Митрохина Юлия: Как заработать в сетевом маркетинге. Успешный бизнес без вложений и связей,Юлия Митрохина,600 ₽,"Юлия Митрохина — мотивационный коуч, психолог, топ-лидер одной из ведущих сетевых компаний в России."
Бернейс Эдвард: Формирование общественного мнения,Эдвард Бернейс,209 ₽,Реклама — двигатель торговли.
Айзек Майк: Битва за Uber. Как Трэвис Каланик потерял самую успешную компанию десятилетия,Майк Айзек,110 ₽,"Мировая кинопремьера! Главная книга о компании UBER и Трэвисе Каланике, ставшая основой одноименного телесериала с УМОЙ ТУРМАН и ДЖОЗЕФОМ ГОРДОН-ЛЕВИТТОМ."
Джаррар Ясар: Управляй как шейх. Уроки лидерства от правителя Дубая,Ясар Джаррар,1 450 ₽,"Как создать из пустыни быстроразвивающийся город, центр мирового притяжения и восьмое чудо света? Все просто — нужно думать, как шейх."
Айзексон Уолтер: Invent and Wander. Избранные статьи создателя Amazon Джеффа Безоса,Уолтер Айзексон,200 ₽,"Ежегодные послания акционерам, тексты самых пронзительных выступлений и интервью Джеффа Безоса, собранные в книгу гениальным биографом Уолтером Айзексоном."
Розенцвейг Фил: Эффект ореола и другие заблуждения каждого менеджера...,Фил Розенцвейг,146 ₽,"﻿Автор книги утверждает, что наиболее популярные идеи в бизнесе не что иное, как успокоительные банальности, обещающие обеспокоенным менеджерам быстрый успех. Эти ""бизнес-иллюзии"": общепринятые и глубоко укоренившиеся убеждения являются результатом ""эффекта ореола"", или, говоря иначе, нашей потребности приписывать исключительно положительные качества любой компании, достигшей успеха. Вера в эти иллюзии служит менеджерам успокоением, помогающим обосновать решения, а также позволяет значительно упрощать реальность и игнорировать постоянные требования меняющихся технологий, рынков и потребителей."
"Рябов Евгений Викторович: Предприниматель, который выжил. Как не погубить бизнес и инвестиции",Евгений Рябов,141 ₽,"Как обезопасить свой бизнес и не совершать ошибок, которые могут  привести к его краху? Как навести порядок в делах, потратив  минимальное количество финансов?"
"Могайар Уильям, Бутерин Виталик: Блокчейн для бизнеса",Уильям Могайар,183 ₽,"Все мы привыкли, что любые вопросы с деньгами нужно решать через банки или другие традиционные финансовые институты. Блокчейн создает реальность, в которой безопасность гарантируют формулы. Возникший как платформа для криптовалюты, блокчейн сегодня становится инструментом , способным разрешить проблему доверия в глобальном масштабе. Различные сделки, торги, покупка недвижимости, страхование, медицина, выборы — эта технология может отследить и зафиксировать все действия без участия посредников."
"Серхант Р., Блаунт Дж., Гребенюк М.: Подарок гениальному руководителю. Солидный доход. Подарок мужчине/подарочный набор/подарок руководителю/подарок коллеге/книга в подарок/набор книг/подарок директору/подарок сотруднику/бизнес-подарок",Top Business Awards,2 575 ₽,"Главные книги для тех, кто хочет повысить личный доход и доход своей компании."
Мезин Александр Игоревич: По домам. Как превратить удаленную работу в преимущество,Александр Мезин,123 ₽,"Как совладать с собой и выработать навык удаленной работы? Почему управлять сотрудниками в распределенной команде может быть даже легче, чем в офисе? Что делать, если сотрудники могут, но не хотят переходить на удаленную работу? Мы рассмотрим эти и другие вопросы и попытаемся понять, что такое удаленная работа: свершившаяся революция или привычная нам практика, вдруг ставшая более актуальной."
Клейсон Джордж: Самый богатый человек в Вавилоне (львы),Джордж Клейсон,404 ₽,"10 всемирно известных притч, которые полностью меняют ваше мышление. Оригинальная версия главной книги о богатстве теперь в самом полном и благозвучном переводе."
Игорь Рызов: Кремлевская школа переговоров,Игорь Рызов,688 ₽,"«Кремлевская школа переговоров», зародившаяся в 20-е годы минувшего века, стала одной из самых жестких переговорных школ в истории. Её принципами руководствовались советские дипломаты, которым приходилось налаживать международные отношения СССР в условиях тотальной неприязни и недоверия. Зачастую они прибегали к самым агрессивным переговорным тактикам. Освоить все постулаты «Кремлевской школы» вам поможет эта книга."
Шурочкина Оксана Владимировна: Продавец эмоций. Как создать и спродюсировать громкий проект,Оксана Шурочкина,165 ₽,"Люди платят за эмоции. Сегодня, чтобы быть успешным, нужно создавать то, что заставит людей плакать от умиления, смеяться до коликов или замирать от восторга."
Ли Робин: Baidu. Как китайский поисковик с помощью искусственного интеллекта обыграл Google,Робин Ли,229 ₽,КНИГА ОТ ОСНОВАТЕЛЯ И СЕО BAIDU РОБИНА ЛИ.
Гольдштейн Эми: Джейнсвилл. Как выживал маленький городок после закрытия завода General Motors,Эми Гольдштейн,183 ₽,"Джейнсвилл — городок, в котором находился старейший в Америке завод General Motors. 23 декабря 2008 года, за два дня до Рождества, он закрылся, и девять тысяч человек потеряли единственный источник дохода."
Мэдден Стив: Одержимый обувью. От багажника автомобиля до международной империи с выручкой в миллиард $,Стив Мэдден,165 ₽,"Возможно ли основать международную компанию с $1000 в кармане? История Стива Мэддена, полная крутых виражей, доказывает, что это под силу каждому. Сегодня его компания входит в биржевой индекс S&P 600 Small Cap на NASDAQ. Годовая выручка превышает один миллиард долларов, а общее число сотрудников достигает почти 4000 человек."
"Жизнь после цели, Или как достигнуть успеха, вкладываясь в действия, а не в результат",Мейер Фельдберг,141 ₽,"«Мейер Фельдберг бросил в юности спорт по случайному стечению обстоятельств, но сохранил выдержку и применил ко всей жизни уроки, которые вынес из занятий плаванием. С тех пор он без остановки движется к успеху. В его гонке нет финиша, а потому он не хочет расслабляться и опускать руки. Это вызывает восторг и уважение. Легкая, захватывающая книга. Рекомендую!» — Руслан Фаршатов, телеведущий, блогер, автор курса «Медиафитнес»"
"Ильяхов Максим, Сарычева Людмила Андреевна: Пиши, сокращай 2025: Как создавать сильный текст",Максим Ильяхов,958 ₽,"Максим Ильяхов и Людмила Сарычева на конкретных примерах показывают, что такое хорошо и что такое плохо в информационном, рекламном, журналистском или публицистическом текстах. Как писать письма, на которые будут отвечать, и рассылки, от которых не будут отписываться. Как создавать действенные и не вульгарные рекламные объявления. Как излагать мысли кратко, ясно и убедительно, без языкового мусора, фальши и штампов. Следуя рекомендациям из книги, вы научитесь писать понятно, увлекать читателей и добиваться их доверия. Это обязательная книга для копирайтеров, авторов, редакторов, дизайнеров, программистов, менеджеров, предпринимателей, руководителей, служащих и всех, кто использует текст в работе."
Ленсиони Патрик: Пять пороков команды,Патрик Ленсиони,914 ₽,"Увлекательная история преобразования группы талантливых людей в команду победителей. История, рассказанная в форме бизнес-романа."
Пирсон Тейлор: Конец работы. Куда исчезнут офисы и как подготовиться к изменениям,Тейлор Пирсон,165 ₽,"Наступает эра перехода от экономики знаний к предпринимательской экономике. Технологический прорыв дает возможности начать свой бизнес, власть переходит от корпораций к индивидуумам. В книге Тейлор Пирсон объясняет, почему предпринимательство становится более доступным, прибыльным и безопасным, в то время как офисная работа — более рискованной и менее прибыльной. Книга поможет сориентироваться в быстро меняющейся среде, решиться на перемены и создать свою стратегию роста в современной экономике."
Талеб Нассим Николас: Антихрупкость. Как извлечь выгоду из хаоса,Талеб Нассим Николас,973 ₽,"Нассим Николас Талеб, автор бестселлера ""Черный лебедь"" и один из самых ярких мыслителей нашего времени, открывает секрет процветания в мире, полном неопределенности."
Бадун Юлия: Бизнес библия для женщин,Юлия Бадун,200 ₽,"﻿Первая книга о тонкостях и ""подводных камнях"" построения и ведения бизнеса, написанная именно женщиной-предпринимательницей."
"Кащеев Глеб Леонидович: От спама до любви. Как email-рассылки, мессенджеры и соцсети могут стать ключом к сердцу клиента",Глеб Кащеев,200 ₽,"Конструктор e-mail-продвижения для  бизнеса, благодаря которому вы навсегда завоюете сердце клиента!"
Радин Эми: Это сработает! Как внедрять изменения при максимальном сопротивлении,Эми Радин,200 ₽,ПОШАГОВОЕ РУКОВОДСТВО ПО ВНЕДРЕНИЮ ИННОВАЦИЙ
Гарипова Танзиля Искандеровна: Идеальный бизнес-ассистент. Как найти и воспитать надежного помощника,Танзиля Гарипова,123 ₽,"За успешным руководителем, предпринимателем, публичным человеком всегда стоит первоклассный бизнес-ассистент. Не девочка, которая готовит кофе и принимает входящие звонки, а настоящий профессионал. Тот, кто грамотно составит расписание шефа, разрешит конфликтную ситуацию, проведет при необходимости деловую встречу и возьмет на себя организацию зарубежной поездки."
Трэвис Найджел: Спасибо за возражение! Как культура критики принесла мировую известность Dunkin’ Brands,Найджел Трэвис,200 ₽,"Dunkin’ Brands — компания, которой принадлежит 13 000 франшиз Dunkin' Donuts и около 8 000 точек Baskin-Robbins по всему миру, а прибыль оценивается в $240 млн."
"Черри П.: Продающие вопросы: Эффективный способ выяснить, чего действительно хотят ваши клиенты",Продажи,828 ₽,"Итак, если вы желаете выяснить, чего на самом деле хочет ваш клиент, о чем мечтает, чего опасается и что его мотивирует, то для этого нужно задавать правильные вопросы, — способные его заинтересовать, — и преобразовывать его интерес в действия. Поможет в этом проверенный и надежный инструментарий, который вам предоставит автор этой книги Пол Черри, более 20 лет работающий в области продаж и ежегодно инструктирующий более 5000 специалистов по продажам. Хотя его методы изложены применительно к смоделированным ситуациям в разных отраслях бизнеса, но они пригодны для использования и в других сферах человеческой деятельности."
Крейг Эндрю: Как завладеть миром. Инвестируйте умно и мыслите глобально,Эндрю Крейг,314 ₽,"Книга-бестселлер, написанная специалистом по финансам с двадцатилетним стажем. Эндрю Крейг убежден, что инвестировать может каждый, и рассказывает, как это можно сделать. Здесь вы узнаете: какие существуют мифы о богатстве и экономике, какие есть инвестиционные инструменты и как приумножить финансы во время кризиса и инфляции."
"Ильяхов М., Сарычева Л.: Пиши, сокращай: Как создавать сильные тексты",Писательское мастерство,410 ₽,"Авторы на конкретных примерах показывают, что такое хорошо и что такое плохо в информационных, рекламных, журналистских и публицистических текстах. Как писать письма, на которые будут отвечать, и рассылки, от которых не будут отписываться. Как создавать действенные и не вульгарные рекламные объявления. Как излагать мысли кратко, ясно и убедительно: без языкового мусора, фальши и штампов. Следуя рекомендациям в книге, вы научитесь писать понятно, увлекать читателей и добиваться доверия. Это обязательная книга для копирайтеров, авторов и редакторов, а также дизайнеров, программистов, менеджеров, предпринимателей, руководителей, служащих и всех, кто использует текст в работе."
Саймон Морган: Реальное воздействие. Как инвестиции помогают построить лучший мир,Морган Саймон,146 ₽,"﻿В этой книге гуру стратегии Роджер Мартин и президент Фонда Scoll Салли Осберг описывают, как работает социальное предпринимательство и как такие проекты меняют жизни людей по всему миру."
Слободянюк Алексей Викторович: Князья и капуста. Эффективные бизнес-стратегии для менеджеров среднего звена,Алексей Слободянюк,209 ₽,"Тяжелее всего в компании приходится руководителю среднего звена. Сверху прессуют топы, снизу — подчиненные. Постоянно растущие цели, ненормированный график, переговоры в отпуске, выходные на работе — все, как в деловой игре ""Князья и капуста"", по мотивам которой написана эта книга. Алексей Слободянюк ведет игру с 2012 года. За это время больше 20 тысяч человек освоили эффективные стратегии взаимодействия с подчиненными, руководителями, коллегами и контрагентами. Они раз и навсегда расстались с состоянием ""загнанной лошади"" и смогли вздохнуть свободно, зная, что отлаженный бизнес-механизм не даст сбоя."
Адизес И.: Идеальный руководитель. Почему им нельзя стать и что из этого следует,Методология Адизеса,828 ₽,"По мнению доктора Адизеса, менеджмент любой организации должен выполнять четыре функции: производство результатов, администрирование, предпринимательство и интеграцию. Для того чтобы осуществлять их одновременно, руководителю необходимо..."
Батырев Максим : 45 татуировок менеджера. Правила российского руководителя. NEON Pocketbooks,Батырев Максим,371 ₽,"Татуировка — это надпись на всю жизнь. Важная надпись. Названия глав в этой книге — татуировки, оставшиеся в памяти и сердце менеджера, его житейский и организаторский опыт. Это правила о том, как относиться к коллегам, каким образом действовать в определенных ситуациях: свод принципов, которым стоит следовать, если хочешь добиться успеха. Почему? Потому что за каждой главой стоят осмысленные действия, чья-то боль, мучения, радости, удачный и неудачный опыт, подъемы и падения, увольнения и лидерство, а главное — нужный результат."
Максвелл Джон: Главная награда для лидера. Привлекай. Развивай. Мотивируй,Психология. Искусство лидера,1 256 ₽,"Высшая награда для лидера — воспитать команду соратников, которые помогут компании развиваться. А как грамотно воспитывать кадры, знает Джон Максвелл, всемирно признанный эксперт в области лидерства, лектор и автор нескольких бестселлеров."
Ветров Ю.: Паттерны дизайн-менеджмента: Как компании достичь организационной зрелости и улучшить свои продукты,Эффективность бизнеса,2 268 ₽,"Прямо сейчас на рынке цифровых продуктов происходит революция в области институционализации дизайна. Средний уровень дизайна многих компаний значительно вырос, но одновременно с этим серьезно увеличился спрос на талантливых дизайн-менеджеров, которые стремятся делать не просто качественный, а эффективный и актуальный дизайн. Стартапы и телеком, финтех-компании и большие банки ищут тех, кто создаст запоминающийся и эффективный дизайн для цифровых продуктов, сможет интегрировать дизайн в корпоративную культуру и вывести компанию в лидеры."
Грэм Бенджамин: Разумный инвестор: Полное руководство по стоимостному инвестированию,Грэм Бенджамин,1 585 ₽,"Мировой бестселлер, выдержавший множество переизданий по всему миру, книга Бенджамина Грэма (1894–1976) является уникальным пособием по выстраиванию инвестиционной политики. Автор, всемирно известный экономист и авторитетный профессиональный инвестор, главное внимание уделяет не анализу ценных бумаг, а принципам инвестирования, предлагая действовать разумно и осторожно независимо от поведения фондового рынка. Бенджамин Грэм показывает, как много возможностей открывается перед инвестором, ведущим себя, как расчетливый бизнесмен. Разработанные автором подходы к инвестированию — такие как стоимостное инвестирование по оборотным активам, предпринимательское и защищенное стоимостное инвестирование — это бесценные инструменты, безотказно действующие даже в условиях самого капризного рынка."
Игорь Рызов: Переговоры с монстрами. Как договориться с сильными мира сего,Игорь Рызов,731 ₽,"«Монстры» — сильные руководители, чиновники высокого уровня или гуру бизнеса, с которыми предстоят ответственные переговоры. В книге даны техники и сценарии, следуя которым, вы будете на равных с «монстрами» и научитесь завершать сделки на условиях двойного выигрыша (win-win)."
Агзамов Ренат Лимарович: Агзамов в шоколаде. Взбить бизнес до небес,Ренат Агзамов,174 ₽,"﻿Ренат Агзамов — популярный отечественный шоумен, телеведущий, а также  кондитер с мировой известностью. Он создает сладкие шедевры, которые украшают банкетные залы самых влиятельных людей мира. Благодаря своему трудолюбию, упорству и постоянному совершенствованию он превзошел многих кондитеров. Биография этого гениального человека показывает, что стремление к своей цели может дать отличные результаты в будущем."
Игорь Рызов: Монстр продаж. Как чертовски хорошо продавать и богатеть,Игорь Рызов,644 ₽,"Игорь Рызов — ведущий российский эксперт по переговорам, бизнес-тренер. Дважды победитель премии «Деловая книга года в России»."
Галстян Араик Гамлетович: Миллион на цветах. Флористика как успешный бизнес,Араик Галстян,404 ₽,"Книга эксперта-флориста, создателя крупнейшего флористического бренда и образовательной платформы для флористов с миллионной аудиторией."
Шаргородский Максим Михайлович: Лидокол. Как продавать в сфере онлайн-образования,Максим Шаргородский,200 ₽,"Максим Шаргородский — предприниматель, эксперт по созданию прибыльных и современных отделов продаж в онлайн-школах. Среди клиентов Максима известные блогеры и эксперты: Катя Гуру — основатель «Клуба лучшей жизни», Мария Азаренок — стратег первых лиц бизнеса по теме личного бренда и управляемой публичности, Виктория Шергина — основатель ведущей школы по инвестициям."
Дэвис М.: Полное руководство по переговорам,Деловое общение,3 359 ₽,"Правильно проведенные переговоры ведут к устойчивым партнерским отношениям, помогают обеим сторонам достичь более высоких целей, чем они могли бы достичь в одиночку, и позволяют компаниям избегать конфликтов. В этой книге описан простой и эффективный метод ведения переговоров как лично, так и виртуально."
Иванов Алексей Евгеньевич: Бухгалтерия для небухгалтеров. Перевод с бухгалтерского на человеческий,Звезда нонфикшн,600 ₽,"«Бухгалтерия для небухгалтеров» – уникальная в своем роде книга о бухгалтерии, автор которой всячески старается развлечь читателя, чтобы он усвоил тему легко и с удовольствием. Кроме совковой тети Маши тут есть Вася-Паяльник, слияния и поглощения как игра в дочки-матери, ООО «Кидок» и даже – розовый единорог."
Чечукевич Алексей Валерьевич: Инвестиции на диване. Основы инвестирования,Звезда нонфикшн,513 ₽,"Инвестиции на диване, или как новичку начать зарабатывать на бирже."
"Алексей Марков: Лягушка, слон и брокколи. Как жить и как не надо",Алексей Марков,494 ₽,Для правильных решений надо освоить три метода:
"Алексей Марков: Капитал. Как сколотить капитал, как его не потерять, и почему нам его так не хватает",Алексей Марков,1 256 ₽,"Вам кажется, что экономика — это очень скучно? Тогда мы идем к вам! Вам даже не понадобится ""стоп-слово"", чтобы разобраться в заумных формулах — их в книге нет! Все проще, чем кажется. Автор подаст вам экономику под таким дерзким соусом, что вы проглотите ее не жуя!  Вы получите необходимые базовые знания о мировой финансовой системе, а также найдете немало интересных случаев из жизни от реальных экспертов."
"Логунов Станислав: Лидер у доски. Для тех, кто не хочет учить и учиться",Станислав Логунов,869 ₽,Для успешной карьеры сегодня требуется постоянное обучение.
"Гришин Сергей Викторович: Деньги не главное, главное - деньги",Книги-драйверы,950 ₽,Хороший человек ― бедный человек.
"Эмих Олег Константинович, Рыбкин Алексей Германович: Переговорные кейсхаки. Рабираем 97 сложных ситуаций в переговорах",Олег Эмих,844 ₽,"Умение вести переговоры — это навык, который можно освоить только в бою. Именно на практике учатся ловко находить выход из любой ситуации и овладевают мастерством общения."
"Брозовская Елена Ивановна: Я продаю, а у меня не покупают. Руководство по созданию эффективных текстов в соц-сетях",TEXT UP. Копирайтинг нового уровня,713 ₽,"Елена Брозовская — филолог, эксперт по текстам в соцсетях, копирайтер с 20-летним опытом, популярный блогер, которого знают по нику @textbomba"
"Игорь Рызов: Я всегда знаю, что сказать. Книга-тренинг по успешным переговорам",Игорь Рызов,1 094 ₽,"Книга, которую вы держите в руках, объединяет в себе то множество научных подходов, которые существуют в современном мире переговоров."
"Сьюэлл Карл, Браун Пол: Клиенты на всю жизнь",Карл Сьюэлл,800 ₽,"Карл Сьюэлл — успешный бизнесмен, владелец одной из лучших автодилерских компаний США. Сьюэллу удалось поднять продажи до невиданных высот благодаря привлечению и удержанию покупателей. Его книга являет собой практическое руководство по работе с клиентами (а попутно и по организации работы предприятия, маркетингу и мерчендайзингу)."
Найти идею. Введение в ТРИЗ - теорию решения изобретательских задач,Альтшуллер Генрих Саулович,828 ₽,О чем книга «Найти идею: Введение в ТРИЗ — теорию решения изобретательских задач»
"Ким В. Чан, Моборн Рене: Стратегия голубого океана",МИФ. Бизнес,2 024 ₽,"Чан Ким и Моборн предлагают подробные инструкции по выведению компании из состояния конкурентного стресса и созданию совершенно новой бизнес-модели. ""Стратегия голубого океана"" — это не просто книга, а целая философия успешности"
"Кейси Майкл, Винья Пол: Эпоха криптовалют. Как биткоин и блокчейн меняют мировой экономический порядок",Майкл Кейси,1 835 ₽,"Обозреватели Wall Street Journal Пол Винья и Майкл Кейси рассказывают о страхах, окружающих биткоин как средство расчета и призывают читателей приготовиться к новой экономической реальности — если и не крипто-, то цифровых валют, которая неминуемо наступит."
"Филип Котлер, Картаджайа Хермаван, Сетиаван Айвен: Маркетинг 4.0. Разворот от традиционного к цифровому: технологии продвижения в интернете",Филип Котлер,1 094 ₽,"Маркетинг 4.0 — подход, который учитывает столкновение оффлайн-интересов бизнеса и возможностей онлайн-продвижения. Диджитал дает возможность усилить эффективность взаимодействия с клиентом за счет DATA-аналитики, ИИ, чат-ботов, воронок продаж в интернете и других современных инструментов."
"Гогохия Инди: Продвижение в Telegram, WhatsApp, Skype и других мессенджерах (супер)",Инди Гогохия,906 ₽,"«Мессенджеры сегодня — новый цифровой канал общения с клиентом, повышающий лояльность в разы. „Добавь клиента в друзья“ — книга Инди о мессенджерах. А Инди Гогохия — мой гуру в новых средствах коммуникаций.»"
"Силаев А.: Деньги без дураков: Почему инвестировать сложнее, чем кажется, и как это делать правильно",Инвестиции,768 ₽,"Деньги без дураков — это и учебник по инвестированию для начинающих, и пособие для трейдеров, и введение в поведенческие финансы. Ее автор — практик рыночной торговли и рационального мышления — предлагает по новому взглянуть на деятельность инвестора. Здесь вы найдете непредвзятый анализ рыночной индустрии и детальный разбор доступных для частных лиц инструментов: валюта, золото, депозиты, облигации, займы, акции стоимости, акции роста, голубые фишки, второй эшелон, структурные продукты, ПИФы, ДУ, виды трейдинга и т.д. Автор показывает, где именно и как теряет инвестор, раскрывает хитрости и уловки участников финансового рынка. Александр Силаев, по образованию экономист и философ, преподавал в СибГТУ, работал журналистом в красноярских журналах и газетах. В 2014 г. он ""сменил буквы на цифры"" и с тех пор живет на доходы с инвестиций и спекуляций. По признанию автора, в 2010 г., когда он начинал, такая книга сэкономила бы ему сотни тысяч рублей и месяцы жизни. Это практическое руководство будет полезно всем, кто намерен разобраться в мире инвестиций или хочет повысить их эффективность."
"Стоянов Игорь: Бизнес от сердца. Принципы основателя имидж-лабораторий ""Персона""",Игорь Стоянов,200 ₽,"﻿Бьюти-бизнес считается одним из самых тяжелых и капризных направлений предпринимательства. Постоянная конкуренция, непрерывно изменяющийся рынок и модные тенденции, требовательные клиенты — вырастить свое дело в этой среде очень непросто, а удержать на плаву долгое время способны немногие."
"Котлер Ф.: Маркетинг от А до Я. 80 концепций, которые должен знать каждый менеджер, 4-е изд. Котлер Ф.","Маркетинг, реклама, PR",768 ₽,"О чем книга ""Маркетинг по Котлеру: Как создать, завоевать и удержать рынок """
e-Learning. Пошаговое руководство по разработке электронного обучения,Бизнес. Лучший мировой опыт,146 ₽,"Онлайн-курс — это больше, чем просто презентация в Power Point, утверждает Тим Слейд. Будучи международным экспертом по электронному обучению и постоянным спикером профильных конференций, он создал исчерпывающее руководство по созданию e-Learning-курсов. Эта книга — гарантия, что вы не допустите типичных ошибок новичка и сумеете разработать первоклассный образовательный продукт."
"Юнгблут Рюдигер: Автомобильная династия. История семьи, создавшей империю BMW",Рюдигер Юнгблут,994 ₽,ИСТОРИЯ УСПЕХА ЛЕГЕНДАРНОЙ КОМПАНИИ BMW.
Игорь Рызов: Хватит мне звонить. Правила успешных переговоров в мессенджерах и социальных сетях,Игорь Рызов,669 ₽,ХВАТИТ МНЕ ЗВОНИТЬ! ПРАВИЛА УСПЕШНЫХ ПЕРЕГОВОРОВ В МЕССЕНДЖЕРАХ И СОЦИАЛЬНЫХ СЕТЯХ.
"Лекторович Сергей Владимирович: Сначала будет страшно. 7 жизней, которые мне пришлось прожить, чтобы стать настоящим предпринимателем",Сергей Лекторович,200 ₽,О чем эта книга?
Клочков Алексей Константинович: Вовлечённость и лояльность персонала от А до Я,Алексей Клочков,1 044 ₽,"Вовлекай и повышай продуктивность сотрудников! Автор книги Алексей Клочков, один из ведущих экспертов в области управленческого консалтинга России, руководитель HR Tech компании, которая за счет современных технологий изменила индустрию исследований и процессы развития лояльности и вовлеченности персонала. Огромный опыт и экспертиза исследований легли в основу книги. Эта книга предназначена для практического применения и дает возможность немедленно применить методики в своей работе. Автор объясняет, как свести текучесть персонала к минимуму, удержать ценных сотрудников, увеличить продуктивность и инициативность персонала и развивать лояльность и вовлеченность команды."
"Антощенко В.: Разгневанный Клиент, я люблю тебя",Работа с клиентами,708 ₽,"Это вторая книга, написанная Виталием Антощенко — известным российским специалистом в области культуры сервиса, сертифицированным тренером и разработчиком корпоративных семинаров по эффективному управлению и мотивации, президентом холдинга ""Объединенная Консалтинговая Группа""."
"Белкер Лорен, Маккормик Джим, Топчик Гэри: Лидер 3.0. Вечные правила эффективного руководства",Лорен Белкер,314 ₽,"Повышение по службе может стать настоящим испытанием: не всякий профессионал своего дела сразу сумеет сориентироваться в обязанностях и полномочиях, доставшихся с новым статусом. Как провести собеседование и подобрать нужного специалиста в свою команду? Как построить совещание? Мотивировать подчиненных? Оставаться спокойным и принимать взвешенные решения в условиях стресса? Выстроить здоровые отношения в коллективе? Контролировать удаленных сотрудников? Оценивать персонал?"
"Восканян Лилит Рафиковна: Практикум по книге ""Бизнес ручной работы""",Лилит Восканян,156 ₽,"Время применить на практике все советы, которые дала Лилит Восканян в своей книге ""Бизнес ручной работы""!"
Смольникова Ю.: Самоучитель по бухгалтерскому учету,Бухгалтерский учет. Аудит,206 ₽,Самоучитель по бухгалтерскому учету включает в себя материал по основам бухгалтерского учета и по бухгалтерскому финансовому учету в организациях. В третьей главе представлена кейс-ситуация по ведению бухгалтерского учета и составлению финансовой отчетности предприятия. Материал расположен по темам бухгалтерского учета.
"Орд Т.: Секретная наука о цене и объем. Техники обнаружения рыночных трендов, горячих секторов и лучших акций",Маркетинг и Реклама,2 829 ₽,"Анализ цен и объемов — проверенный способ торговли на рынках. Он был разработан Ричардом Вайкоффом в начале двадцатого века, и эта техника продолжает приносить постоянную прибыль многим практикующим трейдерам. За время своей успешной карьеры Тим Орд творчески переработал концепцию и построил выигрышную торговую стратегию. В книге «Секретная наука о цене и объеме» он делится своими знаниями с вами. Написанная в доступном стиле, «Секретная наука о цене и объеме» описывает нисходящий подход к торговле, который позволит максимально эффективно использовать свое время на различных рынках — от акций до сырья. С помощью этой книги вы быстро освоите проверенный временем метод Орда и узнаете, как его использовать для принятия прибыльных торговых решений. Вы научитесь:"
"Завертайлов Владимир: Настольная книга project-менеджера. Что нужно знать, чтобы управлять IT, digital и другими проектами с учетом российских реалий",Top expert. Практичные книги для работы над собой,2 106 ₽,"Максимально полный путеводитель по профессии российского project-менеджера. В нем Владимир Завертайлов, основатель и руководитель scrum-студии «Сибирикс», которая входит в Топ-10 лучших веб-студий страны, рассказывает, как управлять собственным digital-производством и грамотно руководить проектом, заказывая digital-услуги на стороне. А еще — как расти в этой профессии, опираясь на знания о продуктовых техниках и понимая потребности бизнеса."
"Десаи Михир А.: Разумный финансист. Знает, что стоит за цифрами, управляет рисками, получает прибыль",Просто о финансах,1 150 ₽,"Цифры и коэффициенты в отчетности могут пугать так, что хочется спрятаться за спиной матерого финансиста. Но что, если финансы — больше не узкоспециальная сфера, а необходимое знание для любого, кто строит бизнес, покупает, продает или инвестирует? Долго игнорировать EBITDA и Cash Flow не получится."
"Батырев Максим : 45 татуировок продавана. Правила для тех, кто продаёт и управляет продажами. NEON Pocketbooks",Батырев Максим,371 ₽,"Новые 45 татуировок из продавцового прошлого Максима Батырева — как в роли рядового менеджера по продажам, так и в роли руководителя: успехи, неудачи, выводы из них."
Батырев Максим : Сложные подчиненные. Практика российских руководителей. NEON Pocketbooks,Батырев Максим,391 ₽,"Известный российский менеджер Максим Батырев на основе 2000 кейсов написал книгу о том, как найти подход к трудным сотрудникам."
"Черняева Е.Н.: Криптовалюты. Знания, которые не займут много места",Теперь всё стало ясно!,200 ₽,О книге
Лефевр Эдвин: Воспоминания биржевого спекулянта,Эдвин Лефевр,250 ₽,"Известные трейдеры современности в один голос заявляют: книга «Воспоминания биржевого спекулянта» стала одной из важнейших в их жизни. Почти 100 лет она регулярно переиздается и заслуженно считается классикой биржевой литературы. Эта книга — художественная биография одного из величайших трейдеров в истории Джесси Ливермора по прозвищу Великий Медведь. Автор рассказывает о пути главного героя начиная с 14 лет, когда он работал в брокерской конторе, до зрелого финансиста, который уже не раз терял и зарабатывал состояние."
Клейсон Джордж: Самый богатый человек в Вавилоне,Джордж Клейсон,268 ₽,"«Самый богатый человек в Вавилоне» — настольная книга по финансовой грамотности для самого широкого круга читателей. Стилизовав свою прозу под поучения бедного вавилонского писца, ставшего самым богатым человеком в городе, Джордж Клейсон написал экономический бестселлер на все времена, который и по сей день издается миллионными тиражами."
"Игорь Рызов: 79 психотрюков. Приемы в общении, которым не учат в школе. Карты",Игорь Рызов,756 ₽,"Речевые карточки, созданные для тренировки реакции в разговоре и избавления от «лестничного остроумия». Идеально дополнят книгу Игоря Рызова «Психотрюки. 69 приемов в общении, которым не учат в школе»."
"Катасонов В.Ю.: О проценте: ссудном, подсудном, безрассудном. ""Денежная цивилизация"" и современный кризис",Финансовый анализ,1 199 ₽,"Ростовщик, лихоимец, мздоимец - так называли его в давние времена. Кредитор, финансист, банкир - так он зовется сегодня. Почему же за понятием ""ростовщик"" исторически закрепилась негативная оценка? Почему люди и тогда и сейчас воспринимают операции с взиманием процента как отрицательное явление в экономической сфере?"
"Кондратович Мария Аркадьевна: Говори, я хочу еще! Как убеждать и достигать своих целей",Переговоры. Убеждение. Влияние,600 ₽,"«Говори, я хочу еще! Как убеждать и достигать своих целей» – книга, которая поможет вам самовыразиться, покорить людей красноречием, обаянием и смыслами. Вы измените отношение к собственной речи и речи окружающих, что сделает вас увереннее, а значит – успешнее."
"Скотт Ким: Радикальная прямота. Как управлять людьми, не теряя человечности. 2-е издание",Ким Скотт,538 ₽,"КИМ СКОТТ — бывший топ-менеджер Google, Apple, YouTube, бизнес-консультант Dropbox, Twitter — завоевала известность благодаря собственному подходу к менеджменту. Она назвала его «Радикальная прямота»."
Алексей Марков: Хуликбез&FAQ. Еще больше умных ответов на дурацкие вопросы,Алексей Марков,581 ₽,"Если вы прогуливали уроки экономики в школе, и теперь у вас накопилось много вопросов, то эта книга – для вас!"
Гандапас Радислав: Камасутра для оратора. NEON Pocketbooks,Радислав Гандапас,390 ₽,"Книга известного российского бизнес-тренера Радислава Гандапаса, которая научит вас не просто перестать бояться публичных выступлений, но и получать от них настоящее удовольствие."
"Бумбуриди Полихрон Константинович, Петров Илья Вячеславович: Уволить нельзя мотивировать. 10 принципов экологичного менеджмента для получения выдающихся результатов от сотрудников",Психология. Искусство лидера,869 ₽,"Эта книга — незаменимое пособие для начинающих и опытных управленцев, которое поможет настроить коммуникации с сотрудниками:"
"Хорват А.: Дайте жалобную книгу! Как заработать больше, используя обратную связь от клиентов",Работа с клиентами,828 ₽,"Работа с обратной связью — бесплатный инструмент, который способен влиять на прибыль бизнеса. Урегулирование претензий помогает сохранить уже существующую базу клиентов, в то время как положительные отзывы и рекомендации привлекают новых потребителей. Значимую роль обратная связь играет и в формировании внутренней культуры компании, заинтересованной в развитии и росте сотрудников."
Гребер Д.: Долг: первые 5000 лет истории,Финансовый анализ,1 569 ₽,"Эта книга — масштабное и революционное исследование истории товарно-денежных отношений с древнейших времен до наших дней, предпринятое американским антропологом, профессором Лондонской школы экономики и активистом, одним из «антилидеров» движения Occupy Wall Street, Дэвидом Гребером (1961–2020). Гребер, опираясь на антропологические методы, выдвигает тезис, что в основе того, что мы традиционно называем экономикой, лежит категория долга, которая на разных этапах развития общества может принимать формы денег, бартера, залогов, кредитов, акций и так далее. Один из императивов книги — вырвать экономику из лап «профессиональных экономистов», доказавших свою несостоятельность во время последнего мирового кризиса, и поместить ее в более широкий контекст истории культуры, политологии, социологии и прочих гуманитарных дисциплин. Для широкого круга читателей."
"Диксит Авинаш, Нейлбафф Барри: Теория игр. Искусство стратегического мышления в бизнесе и жизни",Авинаш Диксит,1 334 ₽,"Теория игр — это строгое стратегическое мышление. Это искусство предугадывать следующий ход соперника с учетом того, что он занимается тем же самым. Её изучение может сформировать совсем новый взгляд на устройство мира и на то, как люди взаимодействуют."
"Паули Виктор Карлович, Чарышева Софья Рашидовна: Поведите себя вперед. 25 верных способов перестать быть посредственным руководителем и обеспечить себе профессиональную карьеру",Виктор Паули,1 256 ₽,"Эта книга, написанная настоящими профессионалами в управлении, промышленности, энергетике и психологии, поможет вам построить личную карьеру и повысить эффективность подразделения, которым вы руководите, а значит и компании в целом. Она научит вас:"
Рекхэм Нил: СПИН-продажи,Нил Рекхэм,1 006 ₽,"""СПИН-продажи"" — книга №1 в мире о больших продажах. Выводы книги основаны на проведенном масштабном исследовании"
Хенссон Дэвид Хайнемайер: Rework. Бизнес без предрассудков,Best Business Practices,1 059 ₽,"О том, как начать свой бизнес. Если хотите – параллельно с основной работой. И о том, как усовершенствовать ваш имеющийся бизнес, а точнее – ваши взгляды на него. С тем, чтобы обрести невиданную ранее степень свободы."
Джефф Сазерленд: Scrum. Революционный метод управления проектами,Джефф Сазерленд,1 006 ₽,"Книга основателя методики Scrum, которая поможет вам реализовывать проекты в несколько раз быстрее и эффективнее."
Мачиариелло Джозеф: Год с Питером Друкером: 52 недели тренировки эффективного руководителя,Джозеф Мачиариелло,1 638 ₽,О чем эта книга
Хилл Наполеон: Думай и Богатей!,Наполеон Хилл,339 ₽,"Пожалуй, самая значимая и авторитетная книга в мире — руководство по обретению успеха, богатства, жизненной энергии преодоления и целеустремленности. На протяжении 70 лет ""ДУМАЙ И БОГАТЕЙ!"" считается классическим учебником по созданию богатства. В каждой главе Наполеон Хилл раскрывает секреты добывания денег, пользуясь которыми тысячи людей приобрели, приумножили и продолжают приумножать свое состояние, одновременно развивая и обогащая свой личностный потенциал. Перед вами новое класическое издание грандиозной работы Наполеона Хилла, дополненное и переработанное с учетом современных реалий. Для самого широкого круга читателей."
"Экер Харв Т. Т.: Думай как миллионер. 17 уроков состоятельности для тех, кто готов разбогатеть",Харв Т. Экер,1 256 ₽,ПОЧЕМУ МЫ РЕШИЛИ ИЗДАТЬ ЭТУ КНИГУ
Батырев Максим : 45 татуировок менеджера. Правила российского руководителя,Батырев Максим,1 104 ₽,"Свод принципов и правил, проверенных многолетней практикой успешного менеджера, его житейский и организаторский опыт.  Это простые и яркие истории о том, как и почему надо вести дела, если хочешь добиться успеха."
Брег Стивен: Настольная книга финансового директора,Брег Стивен,1 428 ₽,"Это издание является не только превосходным учебником, но и полным справочником для финансовых директоров практически по всем аспектам их повседневной работы. В нем представлены финансовые стратегии, системы оценки и контроля, инструменты финансового анализа, источники финансирования, методы управления рисками и другие важные вопросы."
"Джирард Дж., Браун С.: Как продать что угодно кому угодно",Деловой бестселлер,398 ₽,"Мировой бестселлер! Продано свыше 1 500 000 экз. Уникальные техники продаж от человека, который вошел в Книгу рекордов Гиннесса как величайший продавец в мире. Менеджерам по продажам, торговым представителям, консультантам, продавцам магазинов."
Кокинз Гэри: Управление результативностью: Как преодолеть разрыв между объявленной стратегией и реальными процессами,Кокинз Гэри,768 ₽,"Управление результативностью — это процесс управления стратегией организации при помощи полностью интегрированной системы методологий улучшения бизнеса. Управление результативностью включает методологии, измерение, процессы, программные средства и системы управления деятельностью организации. Признанный эксперт современных систем управления стоимостью и повышения результативности Гэри Кокинз в своей книге пока­зывает, как корпорации могут использовать инструменты управления результативностью, и существующие издавна, и созданные в последние годы. Сбалансированная система показателей, концепция ""шесть сигм"" и процессно-ориентированное управление позволяют собирать данные, преобразовывать и трансформировать их в информацию, полезную при принятии решений."
"Кампрад И., Торекуль Б.: Есть идея! История ИКЕА",Модели менеджмента ведущих корпораций,828 ₽,"Вряд ли можно найти человека, у которого дома нет товара из магазинов ИКЕА. Еще сложнее представить руководителя, который не интересовался бы уникальной бизнес-моделью ИКЕА, ведь ей удалось добиться сочетания доступных цен, отличного функционального дизайна и продуманного до мелочей устройства магазинов."
Иванова С.: Искусство подбора персонала: Как оценить человека за час,Менеджмент,828 ₽,"Перед вами новое издание бестселлера Светланы Ивановой — гуру в области оценки и подбора персонала. Книга не только дает представление о самых эффективных на сегодняшний день методах оценки и подбора персонала, но и предлагает готовый инструментарий с детальным изложением методик, многочисленными примерами и практическими заданиями."
Филиппов С.: Sales-детонатор: Как добиться взрывного роста продаж,Продажи,340 ₽,"О чем книга ""Sales-детонатор: Как добиться взрывного роста продаж"""
Шалунова М. (ред.): Управление бизнесом,Harvard Business Review: 10 лучших статей,828 ₽,"Harvard Business Review — главный деловой журнал в мире. Если вы не читали других книг из серии ""HBR: 10 лучших статей"", то прочтите эту, в определенном смысле саму важную. Для нее из сотен статей журнала редакторы HBR отобрали те, в которых влиятельные бизнес-эксперты рассказывают о том, как следует внедрять инновации в управление бизнесом, о роли руководителя во времена болезненных перемен; какие данные помогут распознать потребности клиента и улучшить свой продукт; какие вопросы должен себе задавать каждый хороший руководитель и что ему следует делать, чтобы подчиненные были эффективны и мотивированы на достижение лучших результатов. В книге вы найдете предельно конкретные и практические ответы на эти и другие важные для бизнесмена вопросы."
Иванова С.: Как найти своих людей: Искусство подбора и оценки персонала для руководителя,Управление персоналом,588 ₽,"О чем книга ""Как найти своих людей: Искусство подбора и оценки персонала для руководителя"""
Филип Котлер: Латеральный маркетинг: Технология поиска революционных идей,Филип Котлер,636 ₽,"О чем книга ""Латеральный маркетинг: Технология поиска революционных идей"""
Пинк Д.: Драйв: Что на самом деле нас мотивирует,Пинк Д.,828 ₽,"О чем книга ""Драйв: Что на самом деле нас мотивирует"""
"Шиффман С.: Техники холодных звонков: То, что реально работает (супер.)",Продажи,624 ₽,"О чем книга ""Техники холодных звонков: То, что реально работает"""
Уолтон С.: Как я создал Wal-Mart,Истории успеха,828 ₽,"О сети магазинов Wal-Mart и ее создателе, о вдохновении, смелости, оптимизме и тяжелом труде, позволившим компании ""оседлать"" мечту и стать лидером мирового бизнеса. Чрезвычайно скромный, но всегда уверенный в своих силах и возможностях, Сэм Уолтон делится своими наблюдениями, честно и открыто рассказывает о ""правилах дорожного движения"" в крупном бизнесе."
"Джонстон Марк, Маршалл Грэг: Управление отделом продаж: исчерпывающее руководство",Марк Джонстон,625 ₽,"В новом, самом актуальном издании классического учебника ""Управление отделом продаж"" Марк Джонстон и Грег Маршалл продолжают традиции мастерства, заложенные Черчиллем, Фордом и Уокером, укрепляя позиции издания как ведущего международного пособия в своей области. Это современная классика, полностью адаптированная к современной практике управления продажами."
Хелдер К.: Продажи вопреки всему! (комплект),Хелдер К.,600 ₽,{}
Трамп Дональд: Дональд Трамп. Искусство сделки,Дональд Трамп,869 ₽,"Дональд Трамп - американский политик, бизнесмен. В прошлом - шоумен и телеведущий. Человек года по версии журнала «Time» (2016). «Искусство сделки» - гид по разумному подходу к личным финансам. Трамп, имея за плечами огромный предпринимательский опыт, рассказывает о своем видении правильного бизнеса, вспоминает яркие сделки и делится проверенными временем рекомендациями для успеха.  Вы узнаете секреты успешных сделок из первых уст!"
"Найт Фил: Продавец обуви. История компании Nike, рассказанная ее основателем",Фил Найт,556 ₽,"Nike — один из самых узнаваемых мировых брендов. Создатель компании Фил Найт — один из богатейших людей, хотя еще в юности он не мог себе позволить купить кроссовки Adidas. 50 лет назад студент Орегонского университета и бегун на средние дистанции Фил Найт занял у отца 50 баксов и начал перепродавать кроссовки из Японии. Сегодня годовой оборот компании Nike составляет 30 миллиардов долларов. А пара найков найдется в шкафу у каждого — от президента до подростка. Фил Найт — человек-загадка, он редко дает интервью. Эта книга — исповедь о создании компании, которой удалось подарить мечту миллионам людей."
Андерсон Карл: Аналитическая культура. От сбора данных до бизнес-результатов,Серия O'Reilly,1 420 ₽,Подробное пошаговое руководство по внедрению Data-driven-культуры в вашей компании — от сбора данных и наглядных отчетов до анализа и обоснованных решений.
Плосков Петр Андреевич: Сила Instagram. Простой путь к миллиону подписчиков,Петр Плосков,200 ₽,"Петр Плосков — продюсер, директор артистов и блогеров: Натальи Рудовой, Марии Миногаровой, Иды Галич, Александра Хоменко, Натали Ящук, Ольги Медынич, Карины Нигай, Андрея Глазунова, Ники Вайпер, Артема Хохоликова, Анны Семенович, Дмитрия Маликова и других звезд. В книге автор предлагает читателям различные идеи для наполнения и продвижения своего профайла. Рассматривая распространенные ошибки новичков, Петр объясняет, как их избежать и выжать максимум из аккаунта в Instagram."
Аветисян Самвел Альбертович: Между клизмой и харизмой,Самвел Аветисян,800 ₽,"Самвел Аветисян - первопроходимец российского маркетинга, известный благодаря участию в запуске и провокационному продвижению кампаний «Тинькофф», «Дарья» и «Техношок». В искрометной и ироничной попытке автобиографии Самвел рассказывает историю рождения российского бизнеса. Один из главных героев истории - типичный российский бизнесмен начала 90-х. Напористый и дерзкий предприниматель Ярдов нанимает бывшего сотрудника публичной библиотеки на должность маркетолога, полагая, что «армяне те же евреи, но подешевле». Работая на бизнесмена, автор повествования занимается созданием и продвижением брендов пива «Ярдофф», пельменей «Варвара» и «Царь-батюшка». В циничной манере Самвел дает характеристику целой эпохе. Маркетингу, который стремился залезть в сердце и печень потребителей. Рекламным кампаниям, которые должны быть настолько WOW, чтобы с думских трибун о них кричали не иначе как о «национальном позоре»."
Белфорт Дж.: Метод волка с Уолл-стрит: Откровения лучшего продавца в мире,Альпина. Бизнес,948 ₽,"Лучший продавец в мире Джордан Белфорт раскрывает свою стратегию и дает пошаговую инструкцию по освоению той самой системы, которая позволила заработать состояние ему самому и его клиентам."
"Фрэнк Малкольм, Рериг Пол, Принг Бен: Что делать, когда машины начнут делать все. Как роботы и искусственный интеллект изменят жизнь и работу",Малкольм Фрэнк,950 ₽,"Авторы, лидеры мнений в технологической отрасли, раскрывают примерный сценарий нашего будущего."
"Кеннеди Д., Уэлш-Филлипс К.: Жесткий SMM: Выжать из соцсетей максимум (обложка)",Интернет-маркетинг,708 ₽,"Чем отличается качественный SMM от того, чем занимаются 99 % компаний? Главным образом тем, что здесь нет места бахвальству размером своей компании, ориентации на количество лайков и прочие ""тщеславные"" метрики. Дэн Кеннеди, предприниматель-мультимиллионер, автор бестселлера ""Жесткий менеджмент"" и Ким Уэлш-Филлипс (владелица крупного SMM-агентства), говорят о том, что качественный SMM — это всегда про деньги. Необходимо, наконец, научиться зарабатывать реальные деньги с помощью социальных сетей. Из книги вы узнаете, как переключить ваш SMM с заурядного производства лайков в режим активного инструмента конверсии; как перестать топить соцсети деньгами и при этом расширить аудиторию вашей компании; как создать идеальный магнит для лидов и превратить холодный трафик в реальных клиентов; и, самое главное, как адекватно собирать и анализировать результаты вашей маркетинговой активности. Это необходимое чтение для всех владельцев и менеджеров компаний, кто хочет получать реальную отдачу от работы в соцсетях"
МакКорд Патти: Сильнейшие. Бизнес по правилам Netflix,Патти МакКорд,950 ₽,"Мощные практические инструменты от Netflix. С их помощью можно построить высокоэффективную команду, которой не будет равных на рынке. МакКорд прописала принципы радикальной честности на работе, которые помогут отсеять неэффективных сотрудников и мотивировать лучших."
Туск Брэдли: Спаситель Кремниевой долины. Как я защищал стартапы от бюрократов,Туск Брэдли,103 ₽,"﻿Автора этой книги называют не только Спасителем Кремниевой долины, но и политическим гением Убера. К нему обращались Майкл Блумберг, Илон Маск и параллельно – основатели сетей фэнтези-спорта, питания, обслуживания, страхования. Он брался за безнадежные задачи и преодолевал немыслимые бюрократические барьеры.  Он побеждал тех, кто душил на корню идеи, дабы не менять существующих схем. Он действовал жестко и последовательно в интересах новых моделей бизнеса, меняющих мир. Он продолжает действовать в интересах людей, которые сами хотят решать свою судьбу и не зависеть от произвола закосневших институтов. Книга — источник информации и вдохновения для тех, кто стремится к переменам. И предупреждение тем, кто рассчитывает их не допустить."
Кеннеди Д.: Жесткий менеджмент: Заставьте людей работать на результат (новое издание),Предпринимательство,708 ₽,"Новое издание супербестселлера Дэна Кеннеди — как ледяной душ для руководителя, чей мозг затуманен политкорректностью и разными управленческими теориями."
"Марк Маргарет, Пирсон Кэрол: Герой и бунтарь. Как использовать архетипы на пользу бизнесу и творчеству",Маркетинг для немаркетологов,1 256 ₽,"«Ваш бренд никогда не будет успешен, если вы не найдете свой архетип». Так считают всемирно известный ученый Кэрол Пирсон и бизнес-консультант Маргарет Марк, которые ввели моду на популярные образы в маркетинге и брендинге и помогли многим компаниям обрести свой голос."
"Архангельский Г.А., Лукашенко М.А., Телегина Т.В.: Тайм-менеджмент. Полный курс: Учебное пособие",Альпина: саморазвитие,408 ₽,"О самом ценном и при этом невосполнимом нашем ресурсе — времени. В погоне за успехом мы часто словно пробегаем мимо жизни, даже не замечая ее. Умение управлять временем дает важное преимущество — становится легче найти возможность для творчества, которое дает пищу нашей душе."
Казанский Николай Владиславович: От ассистента до владельца бизнеса,Большой Бизнес,713 ₽,"Николай Казанский — бизнесмен, предприниматель, управляющий партнер компании Nikoliers, новатор."
Темплар Ричард: Правила управления людьми: Как раскрыть потенциал каждого сотрудника,Темплар Ричард,244 ₽,"Каждому из нас хочется быть душой компании. У таких людей как будто есть шестое чувство, которое подсказывает, чего на самом деле хотят окружающие, о чем они думают и что имеют в виду. Такие счастливчики безо всяких усилий заводят друзей и поднимают настроение всем вокруг."
"Горяев Т.: Шпаргалки для боссов. Жесткие и честные уроки управления, которые лучше выучить на чужом опыте",Горяев Т.,648 ₽,"«Шпаргалки для боссов» ? книга, основанная на российском, причем (что кажется совершенно невероятным) успешном предпринимательском опыте. Опыте масштабного производства продукта на до отказа забитом рынке страны. Опыте, успешность которого невозможно объяснить ни наличием газовой трубы в Новом Уренгое, ни покровительством властных структур."
"Поташев М.О., Ершов П.: Правила команды. Искусство думать вместе",Альпина. Саморазвитие,348 ₽,"Как и для чего создаются команды? Как команды развиваются, как их правильно обучать и мотивировать? Как распределяются роли в команде и каковы функции лидера? Авторы книги, Максим Поташев и Павел Ершов, опираясь на свой многолетний практический опыт управления командами как в бизнесе, так и в игре «Что? Где? Когда?», рассказывают, как превратить собранных вместе людей в настоящую команду и как сделать ее эффективной. Вы узнаете о жизненном цикле команды, компетенциях, функциональных ролях, командной культуре и вопросах лидерства."
"Ленсиони Патрик: Пять пороков команды: практика преодоления. Программа для лидеров, менеджеров и модераторов.",Патрик Ленсиони,800 ₽,"Патрик Ленсиони, автор бестселлера ""Пять пороков команды"", делится техниками и приемами, которые помогут превратить неэффективную команду в слаженную."
"Ашманов И.С.: Цифровая репутация. Создать, развить и защитить",Интернет-маркетинг,1 386 ₽,"Цифровая среда сейчас — неотъемлемая часть нашей жизни, она пожирает миллиарды часов рабочего и личного времени, возносит личности и бренды на пьедесталы и свергает оттуда, приводит клиентов, создаёт состояния, разрушает репутации и насчитывает десятки миллионов наших сограждан. Все уже осознают, что социальные медиа — это могучая сила, но мало кто понимает, каким законам она подчиняется и как ею управлять."
Петров Михаил Георгиевич: Трафик. Старт. Полное руководство по арбитражу трафика,Звезда нонфикшн,644 ₽,"Впервые в русскоязычном пространстве вся информация, необходимая для старта работы в арбитраже, собрана в одной книге. Прочитав её, вы увидите, как на этом рынке делаются серьёзные деньги, и поймёте, как вам действовать, чтобы быстро и эффективно стартовать."
"Бергер Йона: Как люди убеждают. Влияние слова в переговорах, беседах и спорах",Наука общения,752 ₽,"Слова — наш самый главный инструмент влияния, но все ли они одинаково хорошо помогают нам достичь своих целей?"
"Макдауэлл Г.Л., Баваро Д.: Карьера продакт-менеджера. Все что нужно знать для успешной работы в технологической компании",Библиотека программиста,2 929 ₽,Познакомьтесь с исчерпывающим руководством по профессии продакт-менеджера от авторов бестселлера «Карьера программиста»!
Ларсон Уилл: Элегантная головоломка. Системы инженерного менеджмента,Бизнес-мышление. Книги о  нестандартных подходах к решению бизнес-задач,1 150 ₽,"Расставлять людей по нужным местам, учить их самостоятельно принимать решения, брать ответственность за результат — во всем этом помогает инженерный менеджмент. Он словно набор элегантных, полезных и важных головоломок. А эта книга — сборник задач и их решений, который подскажет менеджерам, как наилучшим образом организовать работу сотрудников и привести компанию к успеху."
Томский А.: inDriver: От Якутска до Кремниевой долины. История создания глобальной технологической компании,Томский А.,588 ₽,"Это уникальная история компании inDriver — глобального конкурента Uber и «Яндекс.Такси». Начавшись в 2012 г. в глубине Сибири как группа в социальной сети, через несколько лет inDriver охватил сотни городов в десятках странах по всему миру и достиг оценки в сотни миллионов долларов."
"Сенаторов Артем Алексеевич: Цена вопроса. Думай, делай и зарабатывай по- новому",Артем Сенаторов,513 ₽,"Думаете, деньги ¬ – это тяжело, долго и опасно? Что заработать свой первый миллион невозможно? Долой вредные установки из уст окружающих. Если вы устали каждый день крутиться как белка в колесе, то книга «Цена вопроса» бизнес-эксперта Артема Сенаторова для вас. Артем рассказывает о том, как ему удалось выйти на доход миллион рублей в месяц и почему это не предел."
"Агекян А., Рудковская И.: Бизнес с сердцем вместо KPI: От потребления к созиданию",Просто о бизнесе,828 ₽,"Времена меняются, и мы меняемся вместе с ними - эта мудрость известна с давних времён. Авторы книги Айше Агекян и Ирина Рудковская - бизнес-консультанты с огромным опытом управления - предлагают задуматься, как на наших глазах меняются время, бизнес и человек. Наиболее дальновидные предприниматели понимают, что наступили новые времена, в которых бизнес-модели, отточенные опытом XX века, если пока и работают, то в долгосрочной перспективе обречены на поражение. Новое поколение клиентов требует перехода от потребительской к созидательной модели бизнеса. Что же такое созидательная модель? Чем и как она отличается от предыдущей - потребительской? Авторы объясняют это на конкретных примерах - легко узнаваемых и понятных. Также в книге приводится подробный рассказ о спирали индивидуальности - системе девяти витков, дающей понимание, какие этапы в жизни или в становлении уже пройдены, в какой точке сейчас находится человек или бизнес, и демонстрирующей перспективы развития. Эту спираль авторы последовательно применяют к бизнесу, к сотруднику и к клиенту и в результате получают новое системное бизнес-мышление."
Фрицше Томас: Кто владеет мячом? Как научить сотрудников держать «мяч» ответственности на своем «поле»,Томас Фрицше,600 ₽,"Томас Фрицше — дипломированный психиатр и тренер, основатель и владелец TOMplus, компании непрерывного образования, специализирующейся на прикладной психологии мозга и сердца. Более 20 лет успешно занимается обучением и коучингом менеджеров среднего и высшего звена, особенно в области лидерства и ведения переговоров."
"Батти Мария Валерьевна: Давай займемся карьерой. Чтобы работодатели тебя ценили, хотели, хвалили",Книги-драйверы,713 ₽,"Количество задач растет, а зарплата нет. Повысили коллегу-выскочку, а трудолюбивый тихоня десять лет в одной должности. Может, проблема в начальнике? Или в коллегах? Или в нехватке опыта?"
Сафронова К.(Кетт): Психология и бизнес по хардкору,Интернет-маркетинг,833 ₽,"Могут ли продажи быть этичными, а маркетинг - простым и нескучным?"
Алексей Марков: Криптвоюматика 4.1. Стань сыном маминой подруги,Алексей Марков,494 ₽,"Если вы давно хотели понять, как майнеры майнят крипту и с чем ее потом едят, то ""Криптвоюматика"" точно для вас."
"Синек Саймон: Начни с ""Зачем?"" Как выдающиеся лидеры вдохновляют действовать. 2-е издание",Саймон Синек,869 ₽,"Успешная компания начинается не с миллионных инвестиций, она начинается с вопроса «ЗАЧЕМ». Есть лидеры и компании, который пользуются популярностью и имеют определенный успех. А есть те, которые способны вдохновлять других и вести за собой. Последним удается это благодаря тому, что они знают, ЗАЧЕМ существуют. Они имеют высокие цели, бросают вызов обществу, они знают, ЗАЧЕМ делают свое дело. Узнай секреты лидерства и мотивации на примере таких компаний, как Apple, Southwest Airlines и др.!"
Ленсиони Патрик: Шесть гениев команды. Как способности каждого усиливают общий результат,Патрик Ленсиони,713 ₽,"Шесть типов таланта: модель, проверенная на практике"
Ленсиони Патрик: Мотив. Почему большинство руководителей избегают ответственности,Патрик Ленсиони,775 ₽,"«Возможно, вы работаете усердно, но точно ли делаете это ради компании?» — флагманский вопрос нового бизнес-романа Патрика Ленсиони."
Баршевский Григорий Абрамович: Хочешь выжить? Инвестируй! 65 шагов от нуля до профи,Григорий Баршевский,688 ₽,"Григорий Баршевский — кандидат экономических наук, имеет длительный опыт работы на финансовом рынке США."
Тао Тянь: Движущая сила организации. Как восточная философия бизнеса помогает компаниям преодолевать кризисы и процветать,Бизнес-Азия. Флагманские практики,960 ₽,Уникальный подход к устойчивому развитию бизнеса
"Батрименко А., Тарасова И., Русакова А.: Внутреннее предпринимательство. Как задействовать потенциал сотрудников для развития бизнеса. Практическое руководство",В помощь бизнесу,828 ₽,"Внутреннее предпринимательство — инструмент, позволяющий крупным компаниям развиваться и адаптироваться к условиям постоянно меняющегося мира. Предприимчивые сотрудники — недооцененный бизнес-актив, способный создавать новые продукты, тестировать передовые бизнес-модели или внедрять инновации."
"Стрелеки Джон: Большая пятерка для жизни. Две истории о том, как реализовать свое предназначение в бизнесе (подарочное издание)",Джон Стрелеки,756 ₽,Книги автора проданы суммарным тиражом в России более 500 000 экземпляров!
Зотов В.: Как построить карьеру руководителя. Золотые секреты министра,Вершина успеха,670 ₽,"Автор книги, проработавший около 25 лет в ранге министра Правительства г. Москвы - префектом ЮВАО, в популярной форме раскрывает секреты успешной карьеры руководителя и рассказывает о собственном опыте, весьма интересном и поучительном. Под его началом выросли более 140 руководителей самого высокого ранга."
Шефф Дэвид: Game Over. Как Nintendo завоевала мир,Шефф Дэвид,1 459 ₽,"""Game Over. Как Nintendo завоевала мир""
.125 лет назад в древней японской столице Киото появилась компания Nintendo. В конце семидесятых компания совершила головокружительный прорыв в область высоких технологий, и, создав классическую видеоигровую консоль Famicom/NES, навсегда изменила досуг многих миллионов людей в мире. В знаменитой книге авторитетного американского публициста Дэвида Шеффа увлекательно и подробно рассказывается о длинной истории Nintendo, о создании консолей и игр для них, о бизнесе и о том, как происходило формирование видеоигровой индустрии.
.2-е издание."
Пинтосевич Ицхак: Действуй! 10 заповедей успеха (дополненное издание),Ицхак Пинтосевич,775 ₽,"Действуй! 10 заповедей успеха — ваш ключ к позитивным переменам в жизни. Успех неизбежен для тех, кто выполнит все заповеди: возьмет ответственность на себя, подчинит страх, поставит цель, составит план, начнет действовать и совершенствоваться. Включите каждую из предложенных заповедей в свою рутину, и это поможет укрепить самооценку, найти путь к себе и жизни своей мечты. Книга построена на основе последних открытий в области психологии, менеджмента и лучших практик личностного роста. Создай своими руками тот мир, в котором ты хочешь оказаться!"
"Ерохин Александр Альбертович, Климов Андрей Валерьевич: Управление клиентской базой. Как настроить работу клиентского отдела и получить максимальный результат",Александр Ерохин,1 200 ₽,"Александр Ерохин — бизнес-эксперт, предприниматель, тренер, автор, управляющий партнер консалтинговой компании Salecraft. Опыт построения отделов продаж в 47 отраслях и 134 нишах рынка. Более 24 лет практики в управлении продажами."
